--------------------------------------------------------
--  파일이 생성됨 - 금요일-12월-16-2022   
--------------------------------------------------------
--------------------------------------------------------
--  DDL for Table AIRCRAFT
--------------------------------------------------------

  CREATE TABLE "HONG1"."AIRCRAFT" 
   (	"AC_NUM" VARCHAR2(20 BYTE), 
	"AC_TYPE" VARCHAR2(20 BYTE), 
	"AC_DATE" DATE, 
	"AC_SEAT_C" NUMBER
   ) SEGMENT CREATION IMMEDIATE 
  PCTFREE 10 PCTUSED 40 INITRANS 1 MAXTRANS 255 NOCOMPRESS LOGGING
  STORAGE(INITIAL 65536 NEXT 1048576 MINEXTENTS 1 MAXEXTENTS 2147483645
  PCTINCREASE 0 FREELISTS 1 FREELIST GROUPS 1 BUFFER_POOL DEFAULT FLASH_CACHE DEFAULT CELL_FLASH_CACHE DEFAULT)
  TABLESPACE "SYSTEM" ;
--------------------------------------------------------
--  DDL for Table AIRPORT
--------------------------------------------------------

  CREATE TABLE "HONG1"."AIRPORT" 
   (	"AP_CODE" VARCHAR2(20 BYTE), 
	"AP_NAME" VARCHAR2(20 BYTE), 
	"RG_CODE" VARCHAR2(20 BYTE)
   ) SEGMENT CREATION IMMEDIATE 
  PCTFREE 10 PCTUSED 40 INITRANS 1 MAXTRANS 255 NOCOMPRESS LOGGING
  STORAGE(INITIAL 65536 NEXT 1048576 MINEXTENTS 1 MAXEXTENTS 2147483645
  PCTINCREASE 0 FREELISTS 1 FREELIST GROUPS 1 BUFFER_POOL DEFAULT FLASH_CACHE DEFAULT CELL_FLASH_CACHE DEFAULT)
  TABLESPACE "SYSTEM" ;
--------------------------------------------------------
--  DDL for Table ARRIVAL
--------------------------------------------------------

  CREATE TABLE "HONG1"."ARRIVAL" 
   (	"AP" VARCHAR2(20 BYTE), 
	"ARV_DATE" DATE
   ) SEGMENT CREATION IMMEDIATE 
  PCTFREE 10 PCTUSED 40 INITRANS 1 MAXTRANS 255 NOCOMPRESS LOGGING
  STORAGE(INITIAL 65536 NEXT 1048576 MINEXTENTS 1 MAXEXTENTS 2147483645
  PCTINCREASE 0 FREELISTS 1 FREELIST GROUPS 1 BUFFER_POOL DEFAULT FLASH_CACHE DEFAULT CELL_FLASH_CACHE DEFAULT)
  TABLESPACE "SYSTEM" ;
--------------------------------------------------------
--  DDL for Table BOOK_LIST
--------------------------------------------------------

  CREATE TABLE "HONG1"."BOOK_LIST" 
   (	"PAYMENT_DATE" VARCHAR2(15 BYTE), 
	"PAYMENT_METHOD" VARCHAR2(15 BYTE), 
	"RESERVATION_NUMBER" VARCHAR2(20 BYTE), 
	"RESERVATION_STATUS" VARCHAR2(1 BYTE), 
	"LUGGAGE" VARCHAR2(1 BYTE), 
	"FLIGHT_NUMBER" NUMBER, 
	"AIRCRAFT_NUMBER" NUMBER, 
	"USERID" VARCHAR2(15 BYTE)
   ) SEGMENT CREATION IMMEDIATE 
  PCTFREE 10 PCTUSED 40 INITRANS 1 MAXTRANS 255 NOCOMPRESS LOGGING
  STORAGE(INITIAL 65536 NEXT 1048576 MINEXTENTS 1 MAXEXTENTS 2147483645
  PCTINCREASE 0 FREELISTS 1 FREELIST GROUPS 1 BUFFER_POOL DEFAULT FLASH_CACHE DEFAULT CELL_FLASH_CACHE DEFAULT)
  TABLESPACE "SYSTEM" ;
--------------------------------------------------------
--  DDL for Table DEPARTMENT
--------------------------------------------------------

  CREATE TABLE "HONG1"."DEPARTMENT" 
   (	"DEPT_CODE" NUMBER, 
	"DEPT_NAME" NVARCHAR2(15), 
	"AIRPORT_CODE" NUMBER
   ) SEGMENT CREATION IMMEDIATE 
  PCTFREE 10 PCTUSED 40 INITRANS 1 MAXTRANS 255 NOCOMPRESS LOGGING
  STORAGE(INITIAL 65536 NEXT 1048576 MINEXTENTS 1 MAXEXTENTS 2147483645
  PCTINCREASE 0 FREELISTS 1 FREELIST GROUPS 1 BUFFER_POOL DEFAULT FLASH_CACHE DEFAULT CELL_FLASH_CACHE DEFAULT)
  TABLESPACE "SYSTEM" ;
--------------------------------------------------------
--  DDL for Table DEPARTURE
--------------------------------------------------------

  CREATE TABLE "HONG1"."DEPARTURE" 
   (	"D_AP" VARCHAR2(20 BYTE), 
	"D_DATE" DATE
   ) SEGMENT CREATION IMMEDIATE 
  PCTFREE 10 PCTUSED 40 INITRANS 1 MAXTRANS 255 NOCOMPRESS LOGGING
  STORAGE(INITIAL 65536 NEXT 1048576 MINEXTENTS 1 MAXEXTENTS 2147483645
  PCTINCREASE 0 FREELISTS 1 FREELIST GROUPS 1 BUFFER_POOL DEFAULT FLASH_CACHE DEFAULT CELL_FLASH_CACHE DEFAULT)
  TABLESPACE "SYSTEM" ;
--------------------------------------------------------
--  DDL for Table EMPLOYEE
--------------------------------------------------------

  CREATE TABLE "HONG1"."EMPLOYEE" 
   (	"EMPNO" NUMBER, 
	"EMP_NAME" VARCHAR2(15 BYTE), 
	"AGE" NUMBER, 
	"ADDRESS" VARCHAR2(20 BYTE), 
	"PHONE" VARCHAR2(15 BYTE), 
	"TITLE" VARCHAR2(15 BYTE), 
	"DEPT_CODE" NUMBER
   ) SEGMENT CREATION IMMEDIATE 
  PCTFREE 10 PCTUSED 40 INITRANS 1 MAXTRANS 255 NOCOMPRESS LOGGING
  STORAGE(INITIAL 65536 NEXT 1048576 MINEXTENTS 1 MAXEXTENTS 2147483645
  PCTINCREASE 0 FREELISTS 1 FREELIST GROUPS 1 BUFFER_POOL DEFAULT FLASH_CACHE DEFAULT CELL_FLASH_CACHE DEFAULT)
  TABLESPACE "SYSTEM" ;
--------------------------------------------------------
--  DDL for Table FLIGHT_INFORM
--------------------------------------------------------

  CREATE TABLE "HONG1"."FLIGHT_INFORM" 
   (	"FI_NUM" VARCHAR2(20 BYTE), 
	"COMPANY" VARCHAR2(20 BYTE), 
	"DEPT_AP" VARCHAR2(20 BYTE), 
	"ARV_AP" VARCHAR2(20 BYTE), 
	"DEPT_DATE" DATE, 
	"ARV_DATE" DATE, 
	"FEE" NUMBER
   ) SEGMENT CREATION IMMEDIATE 
  PCTFREE 10 PCTUSED 40 INITRANS 1 MAXTRANS 255 NOCOMPRESS LOGGING
  STORAGE(INITIAL 65536 NEXT 1048576 MINEXTENTS 1 MAXEXTENTS 2147483645
  PCTINCREASE 0 FREELISTS 1 FREELIST GROUPS 1 BUFFER_POOL DEFAULT FLASH_CACHE DEFAULT CELL_FLASH_CACHE DEFAULT)
  TABLESPACE "SYSTEM" ;
--------------------------------------------------------
--  DDL for Table FLIGHT_PAYMENT
--------------------------------------------------------

  CREATE TABLE "HONG1"."FLIGHT_PAYMENT" 
   (	"BOOK_NUMBER" NUMBER, 
	"MILEAGE_CONTINUITY" VARCHAR2(5 BYTE), 
	"PAYMENT_METHOD" VARCHAR2(15 BYTE), 
	"MEMBERSHIP_LEVEL" VARCHAR2(10 BYTE)
   ) SEGMENT CREATION IMMEDIATE 
  PCTFREE 10 PCTUSED 40 INITRANS 1 MAXTRANS 255 NOCOMPRESS LOGGING
  STORAGE(INITIAL 65536 NEXT 1048576 MINEXTENTS 1 MAXEXTENTS 2147483645
  PCTINCREASE 0 FREELISTS 1 FREELIST GROUPS 1 BUFFER_POOL DEFAULT FLASH_CACHE DEFAULT CELL_FLASH_CACHE DEFAULT)
  TABLESPACE "SYSTEM" ;
--------------------------------------------------------
--  DDL for Table FLIGHT_SCHEDULE
--------------------------------------------------------

  CREATE TABLE "HONG1"."FLIGHT_SCHEDULE" 
   (	"FI_NUM" VARCHAR2(20 BYTE), 
	"AC_NUM" VARCHAR2(20 BYTE)
   ) SEGMENT CREATION IMMEDIATE 
  PCTFREE 10 PCTUSED 40 INITRANS 1 MAXTRANS 255 NOCOMPRESS LOGGING
  STORAGE(INITIAL 65536 NEXT 1048576 MINEXTENTS 1 MAXEXTENTS 2147483645
  PCTINCREASE 0 FREELISTS 1 FREELIST GROUPS 1 BUFFER_POOL DEFAULT FLASH_CACHE DEFAULT CELL_FLASH_CACHE DEFAULT)
  TABLESPACE "SYSTEM" ;
--------------------------------------------------------
--  DDL for Table MEMBERSHIP_LEVEL
--------------------------------------------------------

  CREATE TABLE "HONG1"."MEMBERSHIP_LEVEL" 
   (	"MEMBERSHIP_LEVEL" VARCHAR2(10 BYTE), 
	"DISCOUNTRATE" NUMBER
   ) SEGMENT CREATION IMMEDIATE 
  PCTFREE 10 PCTUSED 40 INITRANS 1 MAXTRANS 255 NOCOMPRESS LOGGING
  STORAGE(INITIAL 65536 NEXT 1048576 MINEXTENTS 1 MAXEXTENTS 2147483645
  PCTINCREASE 0 FREELISTS 1 FREELIST GROUPS 1 BUFFER_POOL DEFAULT FLASH_CACHE DEFAULT CELL_FLASH_CACHE DEFAULT)
  TABLESPACE "SYSTEM" ;
--------------------------------------------------------
--  DDL for Table MEMBERSHIP_LEVEL_LIST
--------------------------------------------------------

  CREATE TABLE "HONG1"."MEMBERSHIP_LEVEL_LIST" 
   (	"MILEAGE" NUMBER, 
	"EXPIRATION_DATE" VARCHAR2(10 BYTE), 
	"USERID" VARCHAR2(15 BYTE), 
	"MEMBERSHIP_LEVEL" VARCHAR2(10 BYTE)
   ) SEGMENT CREATION IMMEDIATE 
  PCTFREE 10 PCTUSED 40 INITRANS 1 MAXTRANS 255 NOCOMPRESS LOGGING
  STORAGE(INITIAL 65536 NEXT 1048576 MINEXTENTS 1 MAXEXTENTS 2147483645
  PCTINCREASE 0 FREELISTS 1 FREELIST GROUPS 1 BUFFER_POOL DEFAULT FLASH_CACHE DEFAULT CELL_FLASH_CACHE DEFAULT)
  TABLESPACE "SYSTEM" ;
--------------------------------------------------------
--  DDL for Table PAYMENT_METHOD
--------------------------------------------------------

  CREATE TABLE "HONG1"."PAYMENT_METHOD" 
   (	"CARD_NUMBER" VARCHAR2(64 BYTE), 
	"CARD_PASSWORD" NUMBER, 
	"CVV_NUMBER" NUMBER, 
	"ACCOUNT_ID" VARCHAR2(20 BYTE)
   ) SEGMENT CREATION IMMEDIATE 
  PCTFREE 10 PCTUSED 40 INITRANS 1 MAXTRANS 255 NOCOMPRESS LOGGING
  STORAGE(INITIAL 65536 NEXT 1048576 MINEXTENTS 1 MAXEXTENTS 2147483645
  PCTINCREASE 0 FREELISTS 1 FREELIST GROUPS 1 BUFFER_POOL DEFAULT FLASH_CACHE DEFAULT CELL_FLASH_CACHE DEFAULT)
  TABLESPACE "SYSTEM" ;
--------------------------------------------------------
--  DDL for Table REGION
--------------------------------------------------------

  CREATE TABLE "HONG1"."REGION" 
   (	"RG_CODE" VARCHAR2(20 BYTE), 
	"RG_NAME" VARCHAR2(20 BYTE)
   ) SEGMENT CREATION IMMEDIATE 
  PCTFREE 10 PCTUSED 40 INITRANS 1 MAXTRANS 255 NOCOMPRESS LOGGING
  STORAGE(INITIAL 65536 NEXT 1048576 MINEXTENTS 1 MAXEXTENTS 2147483645
  PCTINCREASE 0 FREELISTS 1 FREELIST GROUPS 1 BUFFER_POOL DEFAULT FLASH_CACHE DEFAULT CELL_FLASH_CACHE DEFAULT)
  TABLESPACE "SYSTEM" ;
--------------------------------------------------------
--  DDL for Table RESERVATION
--------------------------------------------------------

  CREATE TABLE "HONG1"."RESERVATION" 
   (	"RV_NUM" VARCHAR2(20 BYTE), 
	"FI_NUM" VARCHAR2(20 BYTE), 
	"AC_NUM" VARCHAR2(20 BYTE), 
	"ST_NUM" VARCHAR2(20 BYTE), 
	"USER_ID" VARCHAR2(20 BYTE)
   ) SEGMENT CREATION IMMEDIATE 
  PCTFREE 10 PCTUSED 40 INITRANS 1 MAXTRANS 255 NOCOMPRESS LOGGING
  STORAGE(INITIAL 65536 NEXT 1048576 MINEXTENTS 1 MAXEXTENTS 2147483645
  PCTINCREASE 0 FREELISTS 1 FREELIST GROUPS 1 BUFFER_POOL DEFAULT FLASH_CACHE DEFAULT CELL_FLASH_CACHE DEFAULT)
  TABLESPACE "SYSTEM" ;
--------------------------------------------------------
--  DDL for Table SEAT
--------------------------------------------------------

  CREATE TABLE "HONG1"."SEAT" 
   (	"ST_NUM" VARCHAR2(20 BYTE)
   ) SEGMENT CREATION IMMEDIATE 
  PCTFREE 10 PCTUSED 40 INITRANS 1 MAXTRANS 255 NOCOMPRESS LOGGING
  STORAGE(INITIAL 65536 NEXT 1048576 MINEXTENTS 1 MAXEXTENTS 2147483645
  PCTINCREASE 0 FREELISTS 1 FREELIST GROUPS 1 BUFFER_POOL DEFAULT FLASH_CACHE DEFAULT CELL_FLASH_CACHE DEFAULT)
  TABLESPACE "SYSTEM" ;
--------------------------------------------------------
--  DDL for Table USERS
--------------------------------------------------------

  CREATE TABLE "HONG1"."USERS" 
   (	"USERID" VARCHAR2(15 BYTE), 
	"PASSWORD" VARCHAR2(15 BYTE), 
	"NAME" VARCHAR2(10 BYTE), 
	"PHONE" VARCHAR2(15 BYTE), 
	"COUNTRY" VARCHAR2(15 BYTE)
   ) SEGMENT CREATION IMMEDIATE 
  PCTFREE 10 PCTUSED 40 INITRANS 1 MAXTRANS 255 NOCOMPRESS LOGGING
  STORAGE(INITIAL 65536 NEXT 1048576 MINEXTENTS 1 MAXEXTENTS 2147483645
  PCTINCREASE 0 FREELISTS 1 FREELIST GROUPS 1 BUFFER_POOL DEFAULT FLASH_CACHE DEFAULT CELL_FLASH_CACHE DEFAULT)
  TABLESPACE "SYSTEM" ;
REM INSERTING into HONG1.AIRCRAFT
SET DEFINE OFF;
Insert into HONG1.AIRCRAFT (AC_NUM,AC_TYPE,AC_DATE,AC_SEAT_C) values ('AB01','A380',to_date('20/01/02','RR/MM/DD'),60);
Insert into HONG1.AIRCRAFT (AC_NUM,AC_TYPE,AC_DATE,AC_SEAT_C) values ('AB02','A380',to_date('20/02/28','RR/MM/DD'),60);
REM INSERTING into HONG1.AIRPORT
SET DEFINE OFF;
Insert into HONG1.AIRPORT (AP_CODE,AP_NAME,RG_CODE) values ('10','ICN','01');
Insert into HONG1.AIRPORT (AP_CODE,AP_NAME,RG_CODE) values ('11','GMP','01');
Insert into HONG1.AIRPORT (AP_CODE,AP_NAME,RG_CODE) values ('20','JFK','02');
Insert into HONG1.AIRPORT (AP_CODE,AP_NAME,RG_CODE) values ('21','LAX','02');
Insert into HONG1.AIRPORT (AP_CODE,AP_NAME,RG_CODE) values ('30','NRT','03');
Insert into HONG1.AIRPORT (AP_CODE,AP_NAME,RG_CODE) values ('31','KIX','03');
REM INSERTING into HONG1.ARRIVAL
SET DEFINE OFF;
Insert into HONG1.ARRIVAL (AP,ARV_DATE) values ('10',to_date('22/12/01','RR/MM/DD'));
Insert into HONG1.ARRIVAL (AP,ARV_DATE) values ('10',to_date('22/12/02','RR/MM/DD'));
Insert into HONG1.ARRIVAL (AP,ARV_DATE) values ('10',to_date('22/12/03','RR/MM/DD'));
Insert into HONG1.ARRIVAL (AP,ARV_DATE) values ('11',to_date('22/12/01','RR/MM/DD'));
Insert into HONG1.ARRIVAL (AP,ARV_DATE) values ('11',to_date('22/12/02','RR/MM/DD'));
Insert into HONG1.ARRIVAL (AP,ARV_DATE) values ('11',to_date('22/12/03','RR/MM/DD'));
Insert into HONG1.ARRIVAL (AP,ARV_DATE) values ('20',to_date('22/12/01','RR/MM/DD'));
Insert into HONG1.ARRIVAL (AP,ARV_DATE) values ('20',to_date('22/12/02','RR/MM/DD'));
Insert into HONG1.ARRIVAL (AP,ARV_DATE) values ('20',to_date('22/12/03','RR/MM/DD'));
Insert into HONG1.ARRIVAL (AP,ARV_DATE) values ('21',to_date('22/12/01','RR/MM/DD'));
Insert into HONG1.ARRIVAL (AP,ARV_DATE) values ('21',to_date('22/12/02','RR/MM/DD'));
Insert into HONG1.ARRIVAL (AP,ARV_DATE) values ('21',to_date('22/12/03','RR/MM/DD'));
Insert into HONG1.ARRIVAL (AP,ARV_DATE) values ('30',to_date('22/12/01','RR/MM/DD'));
Insert into HONG1.ARRIVAL (AP,ARV_DATE) values ('30',to_date('22/12/02','RR/MM/DD'));
Insert into HONG1.ARRIVAL (AP,ARV_DATE) values ('30',to_date('22/12/03','RR/MM/DD'));
Insert into HONG1.ARRIVAL (AP,ARV_DATE) values ('31',to_date('22/12/01','RR/MM/DD'));
Insert into HONG1.ARRIVAL (AP,ARV_DATE) values ('31',to_date('22/12/02','RR/MM/DD'));
Insert into HONG1.ARRIVAL (AP,ARV_DATE) values ('31',to_date('22/12/03','RR/MM/DD'));
REM INSERTING into HONG1.BOOK_LIST
SET DEFINE OFF;
REM INSERTING into HONG1.DEPARTMENT
SET DEFINE OFF;
REM INSERTING into HONG1.DEPARTURE
SET DEFINE OFF;
Insert into HONG1.DEPARTURE (D_AP,D_DATE) values ('10',to_date('22/12/01','RR/MM/DD'));
Insert into HONG1.DEPARTURE (D_AP,D_DATE) values ('11',to_date('22/12/01','RR/MM/DD'));
Insert into HONG1.DEPARTURE (D_AP,D_DATE) values ('20',to_date('22/12/01','RR/MM/DD'));
Insert into HONG1.DEPARTURE (D_AP,D_DATE) values ('21',to_date('22/12/01','RR/MM/DD'));
Insert into HONG1.DEPARTURE (D_AP,D_DATE) values ('30',to_date('22/12/01','RR/MM/DD'));
Insert into HONG1.DEPARTURE (D_AP,D_DATE) values ('31',to_date('22/12/01','RR/MM/DD'));
Insert into HONG1.DEPARTURE (D_AP,D_DATE) values ('10',to_date('22/12/02','RR/MM/DD'));
Insert into HONG1.DEPARTURE (D_AP,D_DATE) values ('11',to_date('22/12/02','RR/MM/DD'));
Insert into HONG1.DEPARTURE (D_AP,D_DATE) values ('20',to_date('22/12/02','RR/MM/DD'));
Insert into HONG1.DEPARTURE (D_AP,D_DATE) values ('21',to_date('22/12/02','RR/MM/DD'));
Insert into HONG1.DEPARTURE (D_AP,D_DATE) values ('30',to_date('22/12/02','RR/MM/DD'));
Insert into HONG1.DEPARTURE (D_AP,D_DATE) values ('31',to_date('22/12/02','RR/MM/DD'));
Insert into HONG1.DEPARTURE (D_AP,D_DATE) values ('10',to_date('22/12/03','RR/MM/DD'));
Insert into HONG1.DEPARTURE (D_AP,D_DATE) values ('11',to_date('22/12/03','RR/MM/DD'));
Insert into HONG1.DEPARTURE (D_AP,D_DATE) values ('20',to_date('22/12/03','RR/MM/DD'));
Insert into HONG1.DEPARTURE (D_AP,D_DATE) values ('21',to_date('22/12/03','RR/MM/DD'));
Insert into HONG1.DEPARTURE (D_AP,D_DATE) values ('30',to_date('22/12/03','RR/MM/DD'));
Insert into HONG1.DEPARTURE (D_AP,D_DATE) values ('31',to_date('22/12/03','RR/MM/DD'));
REM INSERTING into HONG1.EMPLOYEE
SET DEFINE OFF;
REM INSERTING into HONG1.FLIGHT_INFORM
SET DEFINE OFF;
Insert into HONG1.FLIGHT_INFORM (FI_NUM,COMPANY,DEPT_AP,ARV_AP,DEPT_DATE,ARV_DATE,FEE) values ('KE1020','Korean_Air','10','20',to_date('22/12/01','RR/MM/DD'),to_date('22/12/03','RR/MM/DD'),1000000);
Insert into HONG1.FLIGHT_INFORM (FI_NUM,COMPANY,DEPT_AP,ARV_AP,DEPT_DATE,ARV_DATE,FEE) values ('KE1021','Korean_Air','10','21',to_date('22/12/01','RR/MM/DD'),to_date('22/12/03','RR/MM/DD'),1100000);
Insert into HONG1.FLIGHT_INFORM (FI_NUM,COMPANY,DEPT_AP,ARV_AP,DEPT_DATE,ARV_DATE,FEE) values ('KE1030','Korean_Air','10','30',to_date('22/12/01','RR/MM/DD'),to_date('22/12/01','RR/MM/DD'),300000);
Insert into HONG1.FLIGHT_INFORM (FI_NUM,COMPANY,DEPT_AP,ARV_AP,DEPT_DATE,ARV_DATE,FEE) values ('KE1031','Korean_Air','10','31',to_date('22/12/01','RR/MM/DD'),to_date('22/12/01','RR/MM/DD'),250000);
Insert into HONG1.FLIGHT_INFORM (FI_NUM,COMPANY,DEPT_AP,ARV_AP,DEPT_DATE,ARV_DATE,FEE) values ('KE2010','Korean_Air','20','10',to_date('22/12/01','RR/MM/DD'),to_date('22/12/03','RR/MM/DD'),1000000);
Insert into HONG1.FLIGHT_INFORM (FI_NUM,COMPANY,DEPT_AP,ARV_AP,DEPT_DATE,ARV_DATE,FEE) values ('KE2110','Korean_Air','21','10',to_date('22/12/01','RR/MM/DD'),to_date('22/12/03','RR/MM/DD'),1100000);
Insert into HONG1.FLIGHT_INFORM (FI_NUM,COMPANY,DEPT_AP,ARV_AP,DEPT_DATE,ARV_DATE,FEE) values ('KE3010','Korean_Air','30','10',to_date('22/12/01','RR/MM/DD'),to_date('22/12/03','RR/MM/DD'),300000);
Insert into HONG1.FLIGHT_INFORM (FI_NUM,COMPANY,DEPT_AP,ARV_AP,DEPT_DATE,ARV_DATE,FEE) values ('KE3110','Korean_Air','31','10',to_date('22/12/01','RR/MM/DD'),to_date('22/12/03','RR/MM/DD'),250000);
REM INSERTING into HONG1.FLIGHT_PAYMENT
SET DEFINE OFF;
REM INSERTING into HONG1.FLIGHT_SCHEDULE
SET DEFINE OFF;
Insert into HONG1.FLIGHT_SCHEDULE (FI_NUM,AC_NUM) values ('KE1020','AB01');
Insert into HONG1.FLIGHT_SCHEDULE (FI_NUM,AC_NUM) values ('KE1021','AB01');
Insert into HONG1.FLIGHT_SCHEDULE (FI_NUM,AC_NUM) values ('KE1030','AB02');
Insert into HONG1.FLIGHT_SCHEDULE (FI_NUM,AC_NUM) values ('KE1031','AB02');
Insert into HONG1.FLIGHT_SCHEDULE (FI_NUM,AC_NUM) values ('KE2010','AB01');
Insert into HONG1.FLIGHT_SCHEDULE (FI_NUM,AC_NUM) values ('KE2110','AB01');
Insert into HONG1.FLIGHT_SCHEDULE (FI_NUM,AC_NUM) values ('KE3010','AB02');
Insert into HONG1.FLIGHT_SCHEDULE (FI_NUM,AC_NUM) values ('KE3110','AB02');
REM INSERTING into HONG1.MEMBERSHIP_LEVEL
SET DEFINE OFF;
REM INSERTING into HONG1.MEMBERSHIP_LEVEL_LIST
SET DEFINE OFF;
REM INSERTING into HONG1.PAYMENT_METHOD
SET DEFINE OFF;
Insert into HONG1.PAYMENT_METHOD (CARD_NUMBER,CARD_PASSWORD,CVV_NUMBER,ACCOUNT_ID) values ('1234123412341234',12,123,'hong1');
Insert into HONG1.PAYMENT_METHOD (CARD_NUMBER,CARD_PASSWORD,CVV_NUMBER,ACCOUNT_ID) values ('1111111111111111',111,111,'hong1');
Insert into HONG1.PAYMENT_METHOD (CARD_NUMBER,CARD_PASSWORD,CVV_NUMBER,ACCOUNT_ID) values ('1234123412341234',11,111,'hong1');
Insert into HONG1.PAYMENT_METHOD (CARD_NUMBER,CARD_PASSWORD,CVV_NUMBER,ACCOUNT_ID) values ('1234123412341234',12,123,'hong1');
Insert into HONG1.PAYMENT_METHOD (CARD_NUMBER,CARD_PASSWORD,CVV_NUMBER,ACCOUNT_ID) values ('1234123412341234',12,123,'hong1');
REM INSERTING into HONG1.REGION
SET DEFINE OFF;
Insert into HONG1.REGION (RG_CODE,RG_NAME) values ('01','Korea');
Insert into HONG1.REGION (RG_CODE,RG_NAME) values ('02','USA');
Insert into HONG1.REGION (RG_CODE,RG_NAME) values ('03','Japan');
REM INSERTING into HONG1.RESERVATION
SET DEFINE OFF;
Insert into HONG1.RESERVATION (RV_NUM,FI_NUM,AC_NUM,ST_NUM,USER_ID) values ('AA001','KE1020','AB01','1','hong1');
Insert into HONG1.RESERVATION (RV_NUM,FI_NUM,AC_NUM,ST_NUM,USER_ID) values ('AA002','KE1020','AB01','1','hong1');
Insert into HONG1.RESERVATION (RV_NUM,FI_NUM,AC_NUM,ST_NUM,USER_ID) values ('AA003','KE1020','AB01','1','hong1');
Insert into HONG1.RESERVATION (RV_NUM,FI_NUM,AC_NUM,ST_NUM,USER_ID) values ('AA004','KE1020','AB01','1','hong1');
Insert into HONG1.RESERVATION (RV_NUM,FI_NUM,AC_NUM,ST_NUM,USER_ID) values ('AA005','KE1030','AB02','1','hong1');
Insert into HONG1.RESERVATION (RV_NUM,FI_NUM,AC_NUM,ST_NUM,USER_ID) values ('AA006','KE1020','AB01','42','hong1');
Insert into HONG1.RESERVATION (RV_NUM,FI_NUM,AC_NUM,ST_NUM,USER_ID) values ('AA007','KE1020','AB01','29','hong1');
Insert into HONG1.RESERVATION (RV_NUM,FI_NUM,AC_NUM,ST_NUM,USER_ID) values ('AA008','KE1020','AB01','42','hong1');
Insert into HONG1.RESERVATION (RV_NUM,FI_NUM,AC_NUM,ST_NUM,USER_ID) values ('AA009','KE1020','AB01','42','hong1');
Insert into HONG1.RESERVATION (RV_NUM,FI_NUM,AC_NUM,ST_NUM,USER_ID) values ('AA012','KE1020','AB01',null,'hong1');
Insert into HONG1.RESERVATION (RV_NUM,FI_NUM,AC_NUM,ST_NUM,USER_ID) values ('AA018','KE1020','AB01',null,'hong1');
Insert into HONG1.RESERVATION (RV_NUM,FI_NUM,AC_NUM,ST_NUM,USER_ID) values ('AA011','KE1020','AB01',null,'hong1');
REM INSERTING into HONG1.SEAT
SET DEFINE OFF;
REM INSERTING into HONG1.USERS
SET DEFINE OFF;
Insert into HONG1.USERS (USERID,PASSWORD,NAME,PHONE,COUNTRY) values ('system','system','관리자','(null)','대한민국');
Insert into HONG1.USERS (USERID,PASSWORD,NAME,PHONE,COUNTRY) values ('hong1','1111','hong1','01012345678','대한민국');
--------------------------------------------------------
--  DDL for Index USERS_PK
--------------------------------------------------------

  CREATE UNIQUE INDEX "HONG1"."USERS_PK" ON "HONG1"."USERS" ("USERID") 
  PCTFREE 10 INITRANS 2 MAXTRANS 255 COMPUTE STATISTICS 
  STORAGE(INITIAL 65536 NEXT 1048576 MINEXTENTS 1 MAXEXTENTS 2147483645
  PCTINCREASE 0 FREELISTS 1 FREELIST GROUPS 1 BUFFER_POOL DEFAULT FLASH_CACHE DEFAULT CELL_FLASH_CACHE DEFAULT)
  TABLESPACE "SYSTEM" ;
--------------------------------------------------------
--  DDL for Index SYS_C007049
--------------------------------------------------------

  CREATE UNIQUE INDEX "HONG1"."SYS_C007049" ON "HONG1"."FLIGHT_INFORM" ("FI_NUM") 
  PCTFREE 10 INITRANS 2 MAXTRANS 255 COMPUTE STATISTICS 
  STORAGE(INITIAL 65536 NEXT 1048576 MINEXTENTS 1 MAXEXTENTS 2147483645
  PCTINCREASE 0 FREELISTS 1 FREELIST GROUPS 1 BUFFER_POOL DEFAULT FLASH_CACHE DEFAULT CELL_FLASH_CACHE DEFAULT)
  TABLESPACE "SYSTEM" ;
--------------------------------------------------------
--  DDL for Index MEMBERSHIP_LEVEL_LIST_PK
--------------------------------------------------------

  CREATE UNIQUE INDEX "HONG1"."MEMBERSHIP_LEVEL_LIST_PK" ON "HONG1"."MEMBERSHIP_LEVEL_LIST" ("USERID", "MEMBERSHIP_LEVEL") 
  PCTFREE 10 INITRANS 2 MAXTRANS 255 COMPUTE STATISTICS 
  STORAGE(INITIAL 65536 NEXT 1048576 MINEXTENTS 1 MAXEXTENTS 2147483645
  PCTINCREASE 0 FREELISTS 1 FREELIST GROUPS 1 BUFFER_POOL DEFAULT FLASH_CACHE DEFAULT CELL_FLASH_CACHE DEFAULT)
  TABLESPACE "SYSTEM" ;
--------------------------------------------------------
--  DDL for Index SYS_C007055
--------------------------------------------------------

  CREATE UNIQUE INDEX "HONG1"."SYS_C007055" ON "HONG1"."SEAT" ("ST_NUM") 
  PCTFREE 10 INITRANS 2 MAXTRANS 255 COMPUTE STATISTICS 
  STORAGE(INITIAL 65536 NEXT 1048576 MINEXTENTS 1 MAXEXTENTS 2147483645
  PCTINCREASE 0 FREELISTS 1 FREELIST GROUPS 1 BUFFER_POOL DEFAULT FLASH_CACHE DEFAULT CELL_FLASH_CACHE DEFAULT)
  TABLESPACE "SYSTEM" ;
--------------------------------------------------------
--  DDL for Index MEMBERSHIP_LEVEL_PK
--------------------------------------------------------

  CREATE UNIQUE INDEX "HONG1"."MEMBERSHIP_LEVEL_PK" ON "HONG1"."MEMBERSHIP_LEVEL" ("MEMBERSHIP_LEVEL") 
  PCTFREE 10 INITRANS 2 MAXTRANS 255 COMPUTE STATISTICS 
  STORAGE(INITIAL 65536 NEXT 1048576 MINEXTENTS 1 MAXEXTENTS 2147483645
  PCTINCREASE 0 FREELISTS 1 FREELIST GROUPS 1 BUFFER_POOL DEFAULT FLASH_CACHE DEFAULT CELL_FLASH_CACHE DEFAULT)
  TABLESPACE "SYSTEM" ;
--------------------------------------------------------
--  DDL for Index EMPLOYEE_PK
--------------------------------------------------------

  CREATE UNIQUE INDEX "HONG1"."EMPLOYEE_PK" ON "HONG1"."EMPLOYEE" ("EMPNO") 
  PCTFREE 10 INITRANS 2 MAXTRANS 255 COMPUTE STATISTICS 
  STORAGE(INITIAL 65536 NEXT 1048576 MINEXTENTS 1 MAXEXTENTS 2147483645
  PCTINCREASE 0 FREELISTS 1 FREELIST GROUPS 1 BUFFER_POOL DEFAULT FLASH_CACHE DEFAULT CELL_FLASH_CACHE DEFAULT)
  TABLESPACE "SYSTEM" ;
--------------------------------------------------------
--  DDL for Index FS_PK
--------------------------------------------------------

  CREATE UNIQUE INDEX "HONG1"."FS_PK" ON "HONG1"."FLIGHT_SCHEDULE" ("FI_NUM", "AC_NUM") 
  PCTFREE 10 INITRANS 2 MAXTRANS 255 COMPUTE STATISTICS 
  STORAGE(INITIAL 65536 NEXT 1048576 MINEXTENTS 1 MAXEXTENTS 2147483645
  PCTINCREASE 0 FREELISTS 1 FREELIST GROUPS 1 BUFFER_POOL DEFAULT FLASH_CACHE DEFAULT CELL_FLASH_CACHE DEFAULT)
  TABLESPACE "SYSTEM" ;
--------------------------------------------------------
--  DDL for Index SYS_C007023
--------------------------------------------------------

  CREATE UNIQUE INDEX "HONG1"."SYS_C007023" ON "HONG1"."REGION" ("RG_CODE") 
  PCTFREE 10 INITRANS 2 MAXTRANS 255 COMPUTE STATISTICS 
  STORAGE(INITIAL 65536 NEXT 1048576 MINEXTENTS 1 MAXEXTENTS 2147483645
  PCTINCREASE 0 FREELISTS 1 FREELIST GROUPS 1 BUFFER_POOL DEFAULT FLASH_CACHE DEFAULT CELL_FLASH_CACHE DEFAULT)
  TABLESPACE "SYSTEM" ;
--------------------------------------------------------
--  DDL for Index SYS_C007020
--------------------------------------------------------

  CREATE UNIQUE INDEX "HONG1"."SYS_C007020" ON "HONG1"."AIRCRAFT" ("AC_NUM") 
  PCTFREE 10 INITRANS 2 MAXTRANS 255 COMPUTE STATISTICS 
  STORAGE(INITIAL 65536 NEXT 1048576 MINEXTENTS 1 MAXEXTENTS 2147483645
  PCTINCREASE 0 FREELISTS 1 FREELIST GROUPS 1 BUFFER_POOL DEFAULT FLASH_CACHE DEFAULT CELL_FLASH_CACHE DEFAULT)
  TABLESPACE "SYSTEM" ;
--------------------------------------------------------
--  DDL for Index DEPARTURE_PK
--------------------------------------------------------

  CREATE UNIQUE INDEX "HONG1"."DEPARTURE_PK" ON "HONG1"."DEPARTURE" ("D_DATE", "D_AP") 
  PCTFREE 10 INITRANS 2 MAXTRANS 255 COMPUTE STATISTICS 
  STORAGE(INITIAL 65536 NEXT 1048576 MINEXTENTS 1 MAXEXTENTS 2147483645
  PCTINCREASE 0 FREELISTS 1 FREELIST GROUPS 1 BUFFER_POOL DEFAULT FLASH_CACHE DEFAULT CELL_FLASH_CACHE DEFAULT)
  TABLESPACE "SYSTEM" ;
--------------------------------------------------------
--  DDL for Index ARV_PK
--------------------------------------------------------

  CREATE UNIQUE INDEX "HONG1"."ARV_PK" ON "HONG1"."ARRIVAL" ("AP", "ARV_DATE") 
  PCTFREE 10 INITRANS 2 MAXTRANS 255 COMPUTE STATISTICS 
  STORAGE(INITIAL 65536 NEXT 1048576 MINEXTENTS 1 MAXEXTENTS 2147483645
  PCTINCREASE 0 FREELISTS 1 FREELIST GROUPS 1 BUFFER_POOL DEFAULT FLASH_CACHE DEFAULT CELL_FLASH_CACHE DEFAULT)
  TABLESPACE "SYSTEM" ;
--------------------------------------------------------
--  DDL for Index DEPARTMENT_PK
--------------------------------------------------------

  CREATE UNIQUE INDEX "HONG1"."DEPARTMENT_PK" ON "HONG1"."DEPARTMENT" ("DEPT_CODE") 
  PCTFREE 10 INITRANS 2 MAXTRANS 255 COMPUTE STATISTICS 
  STORAGE(INITIAL 65536 NEXT 1048576 MINEXTENTS 1 MAXEXTENTS 2147483645
  PCTINCREASE 0 FREELISTS 1 FREELIST GROUPS 1 BUFFER_POOL DEFAULT FLASH_CACHE DEFAULT CELL_FLASH_CACHE DEFAULT)
  TABLESPACE "SYSTEM" ;
--------------------------------------------------------
--  DDL for Index BOOK_LIST_PK
--------------------------------------------------------

  CREATE UNIQUE INDEX "HONG1"."BOOK_LIST_PK" ON "HONG1"."BOOK_LIST" ("RESERVATION_NUMBER", "FLIGHT_NUMBER", "AIRCRAFT_NUMBER", "USERID") 
  PCTFREE 10 INITRANS 2 MAXTRANS 255 COMPUTE STATISTICS 
  STORAGE(INITIAL 65536 NEXT 1048576 MINEXTENTS 1 MAXEXTENTS 2147483645
  PCTINCREASE 0 FREELISTS 1 FREELIST GROUPS 1 BUFFER_POOL DEFAULT FLASH_CACHE DEFAULT CELL_FLASH_CACHE DEFAULT)
  TABLESPACE "SYSTEM" ;
--------------------------------------------------------
--  DDL for Index FLIGHT_PAYMENT_PK
--------------------------------------------------------

  CREATE UNIQUE INDEX "HONG1"."FLIGHT_PAYMENT_PK" ON "HONG1"."FLIGHT_PAYMENT" ("BOOK_NUMBER") 
  PCTFREE 10 INITRANS 2 MAXTRANS 255 COMPUTE STATISTICS 
  STORAGE(INITIAL 65536 NEXT 1048576 MINEXTENTS 1 MAXEXTENTS 2147483645
  PCTINCREASE 0 FREELISTS 1 FREELIST GROUPS 1 BUFFER_POOL DEFAULT FLASH_CACHE DEFAULT CELL_FLASH_CACHE DEFAULT)
  TABLESPACE "SYSTEM" ;
--------------------------------------------------------
--  DDL for Index SYS_C007024
--------------------------------------------------------

  CREATE UNIQUE INDEX "HONG1"."SYS_C007024" ON "HONG1"."AIRPORT" ("AP_CODE") 
  PCTFREE 10 INITRANS 2 MAXTRANS 255 COMPUTE STATISTICS 
  STORAGE(INITIAL 65536 NEXT 1048576 MINEXTENTS 1 MAXEXTENTS 2147483645
  PCTINCREASE 0 FREELISTS 1 FREELIST GROUPS 1 BUFFER_POOL DEFAULT FLASH_CACHE DEFAULT CELL_FLASH_CACHE DEFAULT)
  TABLESPACE "SYSTEM" ;
--------------------------------------------------------
--  DDL for Index SYS_C007057
--------------------------------------------------------

  CREATE UNIQUE INDEX "HONG1"."SYS_C007057" ON "HONG1"."RESERVATION" ("RV_NUM") 
  PCTFREE 10 INITRANS 2 MAXTRANS 255 COMPUTE STATISTICS 
  STORAGE(INITIAL 65536 NEXT 1048576 MINEXTENTS 1 MAXEXTENTS 2147483645
  PCTINCREASE 0 FREELISTS 1 FREELIST GROUPS 1 BUFFER_POOL DEFAULT FLASH_CACHE DEFAULT CELL_FLASH_CACHE DEFAULT)
  TABLESPACE "SYSTEM" ;
--------------------------------------------------------
--  Constraints for Table BOOK_LIST
--------------------------------------------------------

  ALTER TABLE "HONG1"."BOOK_LIST" MODIFY ("PAYMENT_DATE" NOT NULL ENABLE);
  ALTER TABLE "HONG1"."BOOK_LIST" MODIFY ("PAYMENT_METHOD" NOT NULL ENABLE);
  ALTER TABLE "HONG1"."BOOK_LIST" MODIFY ("RESERVATION_NUMBER" NOT NULL ENABLE);
  ALTER TABLE "HONG1"."BOOK_LIST" MODIFY ("FLIGHT_NUMBER" NOT NULL ENABLE);
  ALTER TABLE "HONG1"."BOOK_LIST" MODIFY ("AIRCRAFT_NUMBER" NOT NULL ENABLE);
  ALTER TABLE "HONG1"."BOOK_LIST" MODIFY ("USERID" NOT NULL ENABLE);
  ALTER TABLE "HONG1"."BOOK_LIST" ADD CONSTRAINT "BOOK_LIST_PK" PRIMARY KEY ("RESERVATION_NUMBER", "FLIGHT_NUMBER", "AIRCRAFT_NUMBER", "USERID")
  USING INDEX PCTFREE 10 INITRANS 2 MAXTRANS 255 COMPUTE STATISTICS 
  STORAGE(INITIAL 65536 NEXT 1048576 MINEXTENTS 1 MAXEXTENTS 2147483645
  PCTINCREASE 0 FREELISTS 1 FREELIST GROUPS 1 BUFFER_POOL DEFAULT FLASH_CACHE DEFAULT CELL_FLASH_CACHE DEFAULT)
  TABLESPACE "SYSTEM"  ENABLE;
  ALTER TABLE "HONG1"."BOOK_LIST" MODIFY ("RESERVATION_STATUS" NOT NULL ENABLE);
--------------------------------------------------------
--  Constraints for Table EMPLOYEE
--------------------------------------------------------

  ALTER TABLE "HONG1"."EMPLOYEE" MODIFY ("EMPNO" NOT NULL ENABLE);
  ALTER TABLE "HONG1"."EMPLOYEE" MODIFY ("EMP_NAME" NOT NULL ENABLE);
  ALTER TABLE "HONG1"."EMPLOYEE" MODIFY ("DEPT_CODE" NOT NULL ENABLE);
  ALTER TABLE "HONG1"."EMPLOYEE" ADD CONSTRAINT "EMPLOYEE_PK" PRIMARY KEY ("EMPNO")
  USING INDEX PCTFREE 10 INITRANS 2 MAXTRANS 255 COMPUTE STATISTICS 
  STORAGE(INITIAL 65536 NEXT 1048576 MINEXTENTS 1 MAXEXTENTS 2147483645
  PCTINCREASE 0 FREELISTS 1 FREELIST GROUPS 1 BUFFER_POOL DEFAULT FLASH_CACHE DEFAULT CELL_FLASH_CACHE DEFAULT)
  TABLESPACE "SYSTEM"  ENABLE;
  ALTER TABLE "HONG1"."EMPLOYEE" MODIFY ("ADDRESS" NOT NULL ENABLE);
  ALTER TABLE "HONG1"."EMPLOYEE" MODIFY ("PHONE" NOT NULL ENABLE);
  ALTER TABLE "HONG1"."EMPLOYEE" MODIFY ("TITLE" NOT NULL ENABLE);
--------------------------------------------------------
--  Constraints for Table SEAT
--------------------------------------------------------

  ALTER TABLE "HONG1"."SEAT" ADD PRIMARY KEY ("ST_NUM")
  USING INDEX PCTFREE 10 INITRANS 2 MAXTRANS 255 COMPUTE STATISTICS 
  STORAGE(INITIAL 65536 NEXT 1048576 MINEXTENTS 1 MAXEXTENTS 2147483645
  PCTINCREASE 0 FREELISTS 1 FREELIST GROUPS 1 BUFFER_POOL DEFAULT FLASH_CACHE DEFAULT CELL_FLASH_CACHE DEFAULT)
  TABLESPACE "SYSTEM"  ENABLE;
--------------------------------------------------------
--  Constraints for Table REGION
--------------------------------------------------------

  ALTER TABLE "HONG1"."REGION" ADD PRIMARY KEY ("RG_CODE")
  USING INDEX PCTFREE 10 INITRANS 2 MAXTRANS 255 COMPUTE STATISTICS 
  STORAGE(INITIAL 65536 NEXT 1048576 MINEXTENTS 1 MAXEXTENTS 2147483645
  PCTINCREASE 0 FREELISTS 1 FREELIST GROUPS 1 BUFFER_POOL DEFAULT FLASH_CACHE DEFAULT CELL_FLASH_CACHE DEFAULT)
  TABLESPACE "SYSTEM"  ENABLE;
--------------------------------------------------------
--  Constraints for Table FLIGHT_INFORM
--------------------------------------------------------

  ALTER TABLE "HONG1"."FLIGHT_INFORM" ADD PRIMARY KEY ("FI_NUM")
  USING INDEX PCTFREE 10 INITRANS 2 MAXTRANS 255 COMPUTE STATISTICS 
  STORAGE(INITIAL 65536 NEXT 1048576 MINEXTENTS 1 MAXEXTENTS 2147483645
  PCTINCREASE 0 FREELISTS 1 FREELIST GROUPS 1 BUFFER_POOL DEFAULT FLASH_CACHE DEFAULT CELL_FLASH_CACHE DEFAULT)
  TABLESPACE "SYSTEM"  ENABLE;
  ALTER TABLE "HONG1"."FLIGHT_INFORM" MODIFY ("DEPT_AP" NOT NULL ENABLE);
  ALTER TABLE "HONG1"."FLIGHT_INFORM" MODIFY ("ARV_AP" NOT NULL ENABLE);
  ALTER TABLE "HONG1"."FLIGHT_INFORM" MODIFY ("DEPT_DATE" NOT NULL ENABLE);
  ALTER TABLE "HONG1"."FLIGHT_INFORM" MODIFY ("ARV_DATE" NOT NULL ENABLE);
  ALTER TABLE "HONG1"."FLIGHT_INFORM" MODIFY ("FEE" NOT NULL ENABLE);
--------------------------------------------------------
--  Constraints for Table AIRCRAFT
--------------------------------------------------------

  ALTER TABLE "HONG1"."AIRCRAFT" ADD PRIMARY KEY ("AC_NUM")
  USING INDEX PCTFREE 10 INITRANS 2 MAXTRANS 255 COMPUTE STATISTICS 
  STORAGE(INITIAL 65536 NEXT 1048576 MINEXTENTS 1 MAXEXTENTS 2147483645
  PCTINCREASE 0 FREELISTS 1 FREELIST GROUPS 1 BUFFER_POOL DEFAULT FLASH_CACHE DEFAULT CELL_FLASH_CACHE DEFAULT)
  TABLESPACE "SYSTEM"  ENABLE;
--------------------------------------------------------
--  Constraints for Table DEPARTURE
--------------------------------------------------------

  ALTER TABLE "HONG1"."DEPARTURE" ADD CONSTRAINT "DEPARTURE_PK" PRIMARY KEY ("D_DATE", "D_AP")
  USING INDEX PCTFREE 10 INITRANS 2 MAXTRANS 255 COMPUTE STATISTICS 
  STORAGE(INITIAL 65536 NEXT 1048576 MINEXTENTS 1 MAXEXTENTS 2147483645
  PCTINCREASE 0 FREELISTS 1 FREELIST GROUPS 1 BUFFER_POOL DEFAULT FLASH_CACHE DEFAULT CELL_FLASH_CACHE DEFAULT)
  TABLESPACE "SYSTEM"  ENABLE;
  ALTER TABLE "HONG1"."DEPARTURE" MODIFY ("D_AP" NOT NULL ENABLE);
  ALTER TABLE "HONG1"."DEPARTURE" MODIFY ("D_DATE" NOT NULL ENABLE);
--------------------------------------------------------
--  Constraints for Table USERS
--------------------------------------------------------

  ALTER TABLE "HONG1"."USERS" MODIFY ("USERID" NOT NULL ENABLE);
  ALTER TABLE "HONG1"."USERS" MODIFY ("PASSWORD" NOT NULL ENABLE);
  ALTER TABLE "HONG1"."USERS" MODIFY ("NAME" NOT NULL ENABLE);
  ALTER TABLE "HONG1"."USERS" MODIFY ("PHONE" NOT NULL ENABLE);
  ALTER TABLE "HONG1"."USERS" MODIFY ("COUNTRY" NOT NULL ENABLE);
  ALTER TABLE "HONG1"."USERS" ADD CONSTRAINT "USERS_PK" PRIMARY KEY ("USERID")
  USING INDEX PCTFREE 10 INITRANS 2 MAXTRANS 255 COMPUTE STATISTICS 
  STORAGE(INITIAL 65536 NEXT 1048576 MINEXTENTS 1 MAXEXTENTS 2147483645
  PCTINCREASE 0 FREELISTS 1 FREELIST GROUPS 1 BUFFER_POOL DEFAULT FLASH_CACHE DEFAULT CELL_FLASH_CACHE DEFAULT)
  TABLESPACE "SYSTEM"  ENABLE;
--------------------------------------------------------
--  Constraints for Table DEPARTMENT
--------------------------------------------------------

  ALTER TABLE "HONG1"."DEPARTMENT" MODIFY ("DEPT_CODE" NOT NULL ENABLE);
  ALTER TABLE "HONG1"."DEPARTMENT" MODIFY ("AIRPORT_CODE" NOT NULL ENABLE);
  ALTER TABLE "HONG1"."DEPARTMENT" ADD CONSTRAINT "DEPARTMENT_PK" PRIMARY KEY ("DEPT_CODE")
  USING INDEX PCTFREE 10 INITRANS 2 MAXTRANS 255 COMPUTE STATISTICS 
  STORAGE(INITIAL 65536 NEXT 1048576 MINEXTENTS 1 MAXEXTENTS 2147483645
  PCTINCREASE 0 FREELISTS 1 FREELIST GROUPS 1 BUFFER_POOL DEFAULT FLASH_CACHE DEFAULT CELL_FLASH_CACHE DEFAULT)
  TABLESPACE "SYSTEM"  ENABLE;
--------------------------------------------------------
--  Constraints for Table AIRPORT
--------------------------------------------------------

  ALTER TABLE "HONG1"."AIRPORT" ADD PRIMARY KEY ("AP_CODE")
  USING INDEX PCTFREE 10 INITRANS 2 MAXTRANS 255 COMPUTE STATISTICS 
  STORAGE(INITIAL 65536 NEXT 1048576 MINEXTENTS 1 MAXEXTENTS 2147483645
  PCTINCREASE 0 FREELISTS 1 FREELIST GROUPS 1 BUFFER_POOL DEFAULT FLASH_CACHE DEFAULT CELL_FLASH_CACHE DEFAULT)
  TABLESPACE "SYSTEM"  ENABLE;
--------------------------------------------------------
--  Constraints for Table ARRIVAL
--------------------------------------------------------

  ALTER TABLE "HONG1"."ARRIVAL" ADD CONSTRAINT "ARV_PK" PRIMARY KEY ("AP", "ARV_DATE")
  USING INDEX PCTFREE 10 INITRANS 2 MAXTRANS 255 COMPUTE STATISTICS 
  STORAGE(INITIAL 65536 NEXT 1048576 MINEXTENTS 1 MAXEXTENTS 2147483645
  PCTINCREASE 0 FREELISTS 1 FREELIST GROUPS 1 BUFFER_POOL DEFAULT FLASH_CACHE DEFAULT CELL_FLASH_CACHE DEFAULT)
  TABLESPACE "SYSTEM"  ENABLE;
--------------------------------------------------------
--  Constraints for Table FLIGHT_PAYMENT
--------------------------------------------------------

  ALTER TABLE "HONG1"."FLIGHT_PAYMENT" MODIFY ("BOOK_NUMBER" NOT NULL ENABLE);
  ALTER TABLE "HONG1"."FLIGHT_PAYMENT" MODIFY ("PAYMENT_METHOD" NOT NULL ENABLE);
  ALTER TABLE "HONG1"."FLIGHT_PAYMENT" MODIFY ("MEMBERSHIP_LEVEL" NOT NULL ENABLE);
  ALTER TABLE "HONG1"."FLIGHT_PAYMENT" ADD CONSTRAINT "FLIGHT_PAYMENT_PK" PRIMARY KEY ("BOOK_NUMBER")
  USING INDEX PCTFREE 10 INITRANS 2 MAXTRANS 255 COMPUTE STATISTICS 
  STORAGE(INITIAL 65536 NEXT 1048576 MINEXTENTS 1 MAXEXTENTS 2147483645
  PCTINCREASE 0 FREELISTS 1 FREELIST GROUPS 1 BUFFER_POOL DEFAULT FLASH_CACHE DEFAULT CELL_FLASH_CACHE DEFAULT)
  TABLESPACE "SYSTEM"  ENABLE;
--------------------------------------------------------
--  Constraints for Table MEMBERSHIP_LEVEL
--------------------------------------------------------

  ALTER TABLE "HONG1"."MEMBERSHIP_LEVEL" MODIFY ("MEMBERSHIP_LEVEL" NOT NULL ENABLE);
  ALTER TABLE "HONG1"."MEMBERSHIP_LEVEL" ADD CONSTRAINT "MEMBERSHIP_LEVEL_PK" PRIMARY KEY ("MEMBERSHIP_LEVEL")
  USING INDEX PCTFREE 10 INITRANS 2 MAXTRANS 255 COMPUTE STATISTICS 
  STORAGE(INITIAL 65536 NEXT 1048576 MINEXTENTS 1 MAXEXTENTS 2147483645
  PCTINCREASE 0 FREELISTS 1 FREELIST GROUPS 1 BUFFER_POOL DEFAULT FLASH_CACHE DEFAULT CELL_FLASH_CACHE DEFAULT)
  TABLESPACE "SYSTEM"  ENABLE;
  ALTER TABLE "HONG1"."MEMBERSHIP_LEVEL" MODIFY ("DISCOUNTRATE" NOT NULL ENABLE);
--------------------------------------------------------
--  Constraints for Table RESERVATION
--------------------------------------------------------

  ALTER TABLE "HONG1"."RESERVATION" ADD PRIMARY KEY ("RV_NUM")
  USING INDEX PCTFREE 10 INITRANS 2 MAXTRANS 255 COMPUTE STATISTICS 
  STORAGE(INITIAL 65536 NEXT 1048576 MINEXTENTS 1 MAXEXTENTS 2147483645
  PCTINCREASE 0 FREELISTS 1 FREELIST GROUPS 1 BUFFER_POOL DEFAULT FLASH_CACHE DEFAULT CELL_FLASH_CACHE DEFAULT)
  TABLESPACE "SYSTEM"  ENABLE;
  ALTER TABLE "HONG1"."RESERVATION" MODIFY ("FI_NUM" NOT NULL ENABLE);
  ALTER TABLE "HONG1"."RESERVATION" MODIFY ("AC_NUM" NOT NULL ENABLE);
--------------------------------------------------------
--  Constraints for Table FLIGHT_SCHEDULE
--------------------------------------------------------

  ALTER TABLE "HONG1"."FLIGHT_SCHEDULE" ADD CONSTRAINT "FS_PK" PRIMARY KEY ("FI_NUM", "AC_NUM")
  USING INDEX PCTFREE 10 INITRANS 2 MAXTRANS 255 COMPUTE STATISTICS 
  STORAGE(INITIAL 65536 NEXT 1048576 MINEXTENTS 1 MAXEXTENTS 2147483645
  PCTINCREASE 0 FREELISTS 1 FREELIST GROUPS 1 BUFFER_POOL DEFAULT FLASH_CACHE DEFAULT CELL_FLASH_CACHE DEFAULT)
  TABLESPACE "SYSTEM"  ENABLE;
--------------------------------------------------------
--  Constraints for Table MEMBERSHIP_LEVEL_LIST
--------------------------------------------------------

  ALTER TABLE "HONG1"."MEMBERSHIP_LEVEL_LIST" MODIFY ("USERID" NOT NULL ENABLE);
  ALTER TABLE "HONG1"."MEMBERSHIP_LEVEL_LIST" MODIFY ("MEMBERSHIP_LEVEL" NOT NULL ENABLE);
  ALTER TABLE "HONG1"."MEMBERSHIP_LEVEL_LIST" ADD CONSTRAINT "MEMBERSHIP_LEVEL_LIST_PK" PRIMARY KEY ("USERID", "MEMBERSHIP_LEVEL")
  USING INDEX PCTFREE 10 INITRANS 2 MAXTRANS 255 COMPUTE STATISTICS 
  STORAGE(INITIAL 65536 NEXT 1048576 MINEXTENTS 1 MAXEXTENTS 2147483645
  PCTINCREASE 0 FREELISTS 1 FREELIST GROUPS 1 BUFFER_POOL DEFAULT FLASH_CACHE DEFAULT CELL_FLASH_CACHE DEFAULT)
  TABLESPACE "SYSTEM"  ENABLE;
  ALTER TABLE "HONG1"."MEMBERSHIP_LEVEL_LIST" MODIFY ("MILEAGE" NOT NULL ENABLE);
  ALTER TABLE "HONG1"."MEMBERSHIP_LEVEL_LIST" MODIFY ("EXPIRATION_DATE" NOT NULL ENABLE);
--------------------------------------------------------
--  Ref Constraints for Table RESERVATION
--------------------------------------------------------

  ALTER TABLE "HONG1"."RESERVATION" ADD CONSTRAINT "FK_USER" FOREIGN KEY ("USER_ID")
	  REFERENCES "HONG1"."USERS" ("USERID") ENABLE;
